0|1|2|3|4|5
Lifestyle|Top Free|1|Lemon8 - Lifestyle Community|TikTok Ltd.|https://apps.apple.com/us/app/lemon8-lifestyle-community/id1498607143
Lifestyle|Top Free|2|T-Life|T-Mobile|https://apps.apple.com/us/app/t-life/id1111876388
Lifestyle|Top Free|3|Pinterest|Pinterest|https://apps.apple.com/us/app/pinterest/id429047995
Lifestyle|Top Free|4|Zillow Real Estate & Rentals|Zillow.com|https://apps.apple.com/us/app/zillow-real-estate-rentals/id310738695
Lifestyle|Top Free|5|Ring - Always Home|Ring.com|https://apps.apple.com/us/app/ring-always-home/id926252661
Lifestyle|Top Free|6|Duet - Date & Meet New Friends|WINK TECH LIMITED|https://apps.apple.com/us/app/duet-date-meet-new-friends/id1673723000
Lifestyle|Top Free|7|Hinge Dating App: Match & Meet|Hinge, Inc.|https://apps.apple.com/us/app/hinge-dating-app-match-meet/id595287172
Lifestyle|Top Free|8|Tinder Dating App: Date & Chat|Tinder LLC|https://apps.apple.com/us/app/tinder-dating-app-date-chat/id547702041
Lifestyle|Top Free|9|Bumble Dating App: Meet & Date|Bumble Holding Limited|https://apps.apple.com/us/app/bumble-dating-app-meet-date/id930441707
Lifestyle|Top Free|10|Booksy for Customers|Booksy|https://apps.apple.com/us/app/booksy-for-customers/id723961236
Lifestyle|Top Free|11|Amazon Alexa|AMZN Mobile LLC|https://apps.apple.com/us/app/amazon-alexa/id944011620
Lifestyle|Top Free|12|SmartThings|Samsung Electronics Co., Ltd.|https://apps.apple.com/us/app/smartthings/id1222822904
Lifestyle|Top Free|13|Toyota|Toyota Motor Sales, U.S.A., Inc.|https://apps.apple.com/us/app/toyota/id1455685357
Lifestyle|Top Free|14|Apple Invites|Apple|https://apps.apple.com/us/app/apple-invites/id6472498645
Lifestyle|Top Free|15|Google Home|Google|https://apps.apple.com/us/app/google-home/id680819774
Lifestyle|Top Free|16|myQ Garage & Access Control|The Chamberlain Group, Inc.|https://apps.apple.com/us/app/myq-garage-access-control/id456282559
Lifestyle|Top Free|17|Couple Joy - Relationship App|Joyful Apps|https://apps.apple.com/us/app/couple-joy-relationship-app/id1624758651
Lifestyle|Top Free|18|LG ThinQ|LG Electronics, Inc.|https://apps.apple.com/us/app/lg-thinq/id993504342
Lifestyle|Top Free|19|Tesla|Tesla, Inc.|https://apps.apple.com/us/app/tesla/id582007913
Lifestyle|Top Free|20|Square Go|Block, Inc.|https://apps.apple.com/us/app/square-go/id1623896123
Lifestyle|Top Paid|1|Spirit Talker Â®|Spotted Ghosts|https://apps.apple.com/us/app/spirit-talker/id1536762482
Lifestyle|Top Paid|2|Stylebook|left brain / right brain, LLC|https://apps.apple.com/us/app/stylebook/id335709058
Lifestyle|Top Paid|3|B-hyve Pro|Hydro Rain Inc.|https://apps.apple.com/us/app/b-hyve-pro/id1199551273
Lifestyle|Top Paid|4|Cloud Baby Monitor|VIGI Limited|https://apps.apple.com/us/app/cloud-baby-monitor/id432791399
Lifestyle|Top Paid|5|To Be A Christian|RethinkMe LTD|https://apps.apple.com/us/app/to-be-a-christian/id6478526459
Lifestyle|Top Paid|6|Yard Planner|Home Outside, Inc.|https://apps.apple.com/us/app/yard-planner/id440420011
Lifestyle|Top Paid|7|Twelve70: Outfit Generator|Twelve70 Inc.|https://apps.apple.com/us/app/twelve70-outfit-generator/id6478133766
Lifestyle|Top Paid|8|Ravit - Ravelry on the hop|Enhancient|https://apps.apple.com/us/app/ravit-ravelry-on-the-hop/id1234214894
Lifestyle|Top Paid|9|12 Steps Companion AA Big Book|Dean Huff|https://apps.apple.com/us/app/12-steps-companion-aa-big-book/id295775656
Lifestyle|Top Paid|10|Universalis|Universalis Publishing|https://apps.apple.com/us/app/universalis/id284942719
Lifestyle|Top Paid|11|Falling Fruit|Falling Fruit|https://apps.apple.com/us/app/falling-fruit/id380859409
Lifestyle|Top Paid|12|Time Nomad Astrology Charts|SEQFX PTY LTD|https://apps.apple.com/us/app/time-nomad-astrology-charts/id1092841332
Lifestyle|Top Paid|13|Board Game Stats|Eerko Vissering|https://apps.apple.com/us/app/board-game-stats/id892542000
Lifestyle|Top Paid|14|Visualize You: weight change viewer|Visual Health Solutions LLC|https://apps.apple.com/us/app/visualize-you-weight-change-viewer/id971308919
Lifestyle|Top Paid|15|Astro Gold|Cosmic Apps Pty Ltd|https://apps.apple.com/us/app/astro-gold/id430270438
Lifestyle|Top Paid|16|Fliqlo|Yuji Adachi|https://apps.apple.com/us/app/fliqlo/id900833042
Lifestyle|Top Paid|17|LeafSpy Pro|James Pollock|https://apps.apple.com/us/app/leafspy-pro/id967376861
Lifestyle|Top Paid|18|Gardenate|Hutchinson Software Pty Ltd|https://apps.apple.com/us/app/gardenate/id362009731
Lifestyle|Top Paid|19|Spirit Talker Premium|Jose Martin|https://apps.apple.com/us/app/spirit-talker-premium/id6472714903
Lifestyle|Top Paid|20|The Secret To Money|Creste LLC|https://apps.apple.com/us/app/the-secret-to-money/id1115022026
Education|Top Free|1|Gauth: AI Study Companion|GAUTHTECH PTE. LTD.|https://apps.apple.com/us/app/gauth-ai-study-companion/id1542571008
Education|Top Free|2|Duolingo - Language Lessons|Duolingo|https://apps.apple.com/us/app/duolingo-language-lessons/id570060128
Education|Top Free|3|Speak & Learn English: Learna|Codeway Dijital Hizmetler Anonim Sirketi|https://apps.apple.com/us/app/speak-learn-english-learna/id6478287397
Education|Top Free|4|Question.AI-Math Calculator|3HOUSE|https://apps.apple.com/us/app/question-ai-math-calculator/id6449486871
Education|Top Free|5|Remind: School Communication|remind101|https://apps.apple.com/us/app/remind-school-communication/id522826277
Education|Top Free|6|Google Classroom|Google|https://apps.apple.com/us/app/google-classroom/id924620788
Education|Top Free|7|Quizlet: Study with Flashcards|Quizlet Inc|https://apps.apple.com/us/app/quizlet-study-with-flashcards/id546473125
Education|Top Free|8|PlantIn: Plant Identifierã»Care|Vortemol Limited|https://apps.apple.com/us/app/plantin-plant-identifier-care/id1527399597
Education|Top Free|9|Toca Boca World|Toca Boca AB|https://apps.apple.com/us/app/toca-boca-world/id1208138685
Education|Top Free|10|Photomath|Google|https://apps.apple.com/us/app/photomath/id919087726
Education|Top Free|11|Solvely - AI Study Companion|Aignite Inc.|https://apps.apple.com/us/app/solvely-ai-study-companion/id6446930976
Education|Top Free|12|Canvas Student|Instructure Inc.|https://apps.apple.com/us/app/canvas-student/id480883488
Education|Top Free|13|Wiser - 15Mins Book Summaries|HUBX|https://apps.apple.com/us/app/wiser-15mins-book-summaries/id1619331385
Education|Top Free|14|PictureThis - Plant Identifier|Glority Global Group Ltd.|https://apps.apple.com/us/app/picturethis-plant-identifier/id1252497129
Education|Top Free|15|Kahoot! Play & Create Quizzes|Kahoot ASA|https://apps.apple.com/us/app/kahoot-play-create-quizzes/id1131203560
Education|Top Free|16|BigFuture School|The College Board|https://apps.apple.com/us/app/bigfuture-school/id6462904878
Education|Top Free|17|ParentSquare|ParentSquare|https://apps.apple.com/us/app/parentsquare/id908126679
Education|Top Free|18|ClassDojo|ClassDojo, Inc.|https://apps.apple.com/us/app/classdojo/id552602056
Education|Top Free|19|Elevate - Brain Training Games|Elevate, Inc.|https://apps.apple.com/us/app/elevate-brain-training-games/id875063456
Education|Top Free|20|Speak English with Loora AI|Loora A.I LTD|https://apps.apple.com/us/app/speak-english-with-loora-ai/id1552708303
Developer Tools|Top Paid|1|Textastic Code Editor|Alexander Blach|https://apps.apple.com/us/app/textastic-code-editor/id1049254261
Developer Tools|Top Paid|2|UDevice - Dev Assistant|Gansu Zhenxian Network Technology Co., Ltd.|https://apps.apple.com/us/app/udevice-dev-assistant/id1608053878
Developer Tools|Top Paid|3|Harbour - Docker Manager|Kacper Kaczmarzyk|https://apps.apple.com/us/app/harbour-docker-manager/id1582439659
Developer Tools|Top Paid|4|Programming Notebook LITE|Ryan Rudes|https://apps.apple.com/us/app/programming-notebook-lite/id1519715994
Developer Tools|Top Paid|5|Cookie Editor For Safari|Zamalabs YazÄ±lÄ±m ve Bilgi Teknolojileri Limited Åirketi|https://apps.apple.com/us/app/cookie-editor-for-safari/id6446626905
Developer Tools|Top Paid|6|Zeitgeist|Dan Eden|https://apps.apple.com/us/app/zeitgeist/id1526052028
Developer Tools|Top Paid|7|Packet Sender - UDP/ TCP/ SSL|NagleCode, LLC|https://apps.apple.com/us/app/packet-sender-udp-tcp-ssl/id1558236648
Developer Tools|Top Paid|8|Scarlet|Steven Troughton-Smith|https://apps.apple.com/us/app/scarlet/id1532669250
Developer Tools|Top Paid|9|OpenTerm|é¸é¸£ èµµ|https://apps.apple.com/us/app/openterm/id1481149807
Developer Tools|Top Paid|10|Source Code Reader|Alexander Eichhorn|https://apps.apple.com/us/app/source-code-reader/id511639148
Developer Tools|Top Paid|11|SQLed - SQL Database Manager|Andreas Zimnas|https://apps.apple.com/us/app/sqled-sql-database-manager/id475312085
Developer Tools|Top Paid|12|Inspect Browser|Parallax Dynamics Inc.|https://apps.apple.com/us/app/inspect-browser/id1203594958
Developer Tools|Top Paid|13|MongoLime - manage databases|Mobibean, LLC|https://apps.apple.com/us/app/mongolime-manage-databases/id1237825358
Developer Tools|Top Paid|14|Jockey OSC|Anton Heestand|https://apps.apple.com/us/app/jockey-osc/id1553621603
Developer Tools|Top Paid|15|Python & SQL Pro|Fedor Obraztsov|https://apps.apple.com/us/app/python-sql-pro/id1572726721
Developer Tools|Top Paid|16|Logger for Shortcuts|Snailed It Development Ltd|https://apps.apple.com/us/app/logger-for-shortcuts/id1611554653
Developer Tools|Top Paid|17|iPulse - Monitor Your Device|The Iconfactory|https://apps.apple.com/us/app/ipulse-monitor-your-device/id6474695786
Developer Tools|Top Paid|18|My Lisp|Laurent Rodier|https://apps.apple.com/us/app/my-lisp/id1245341806
Developer Tools|Top Paid|19|Simple Server: HTTP Server|Bitsbaker LLC.|https://apps.apple.com/us/app/simple-server-http-server/id6443893597
Developer Tools|Top Paid|20|View Source Premier|Andrey Uspanov|https://apps.apple.com/us/app/view-source-premier/id1425213172
Kids|Top Paid|1|Stack the StatesÂ®|Freecloud Design, Inc.|https://apps.apple.com/us/app/stack-the-states/id381342267
Kids|Top Paid|2|Teach Your Monster to Read|Teach Your Monster|https://apps.apple.com/us/app/teach-your-monster-to-read/id828392046
Kids|Top Paid|3|Note Rush: Music Reading Game|Thomas Grayston|https://apps.apple.com/us/app/note-rush-music-reading-game/id1083801827
Kids|Top Paid|4|Stack the CountriesÂ®|Freecloud Design, Inc.|https://apps.apple.com/us/app/stack-the-countries/id407838198
Kids|Top Paid|5|Peekaboo Barn|Night & Day Studios, Inc.|https://apps.apple.com/us/app/peekaboo-barn/id300590611
Kids|Top Paid|6|Monkey Preschool Lunchbox|THUP Games|https://apps.apple.com/us/app/monkey-preschool-lunchbox/id328205875
Kids|Top Paid|7|Toca Hair Salon 2|Toca Boca AB|https://apps.apple.com/us/app/toca-hair-salon-2/id569632660
Kids|Top Paid|8|Endless Alphabet|Originator Inc.|https://apps.apple.com/us/app/endless-alphabet/id591626572
Kids|Top Paid|9|Toca Hair Salon 3|Toca Boca AB|https://apps.apple.com/us/app/toca-hair-salon-3/id1119482395
Kids|Top Paid|10|Elmo Calls|Sesame Workshop (Apps)|https://apps.apple.com/us/app/elmo-calls/id467703220
Kids|Top Paid|11|Wild Kratts Rescue Run|PBS KIDS|https://apps.apple.com/us/app/wild-kratts-rescue-run/id1315748103
Kids|Top Paid|12|Flashnote Derby|Luke Bartolomeo|https://apps.apple.com/us/app/flashnote-derby/id453126527
Kids|Top Paid|13|Daniel Tiger's Stop & Go Potty|PBS KIDS|https://apps.apple.com/us/app/daniel-tigers-stop-go-potty/id1050988480
Kids|Top Paid|14|Sesame Street Alphabet Kitchen|Sesame Workshop (Apps)|https://apps.apple.com/us/app/sesame-street-alphabet-kitchen/id1039971485
Kids|Top Paid|15|Guess Who? Meet the Crew|PlayDate Digital|https://apps.apple.com/us/app/guess-who-meet-the-crew/id1624777523
Kids|Top Paid|16|Don't Let Pigeon Run This App!|Disney|https://apps.apple.com/us/app/dont-let-pigeon-run-this-app/id459749670
Kids|Top Paid|17|Stack the StatesÂ® 2|Freecloud Design, Inc.|https://apps.apple.com/us/app/stack-the-states-2/id1080767538
Kids|Top Paid|18|Blaze & the Monster Machines|Nickelodeon|https://apps.apple.com/us/app/blaze-the-monster-machines/id907210971
Kids|Top Paid|19|Fraction Calculator PRO #1|DigitAlchemy LLC|https://apps.apple.com/us/app/fraction-calculator-pro-1/id504494723
Kids|Top Paid|20|Numberblocks: Hide and Seek|Blue-Zoo|https://apps.apple.com/us/app/numberblocks-hide-and-seek/id1328950963
Magazines & Newspapers|Top Free|1|The New York Times: Live News|The New York Times Company|https://apps.apple.com/us/app/the-new-york-times-live-news/id284862083
Magazines & Newspapers|Top Free|2|Ground News|Snapwise Inc.|https://apps.apple.com/us/app/ground-news/id1324203419
Magazines & Newspapers|Top Free|3|Movies Box & TV Show|Vlad Khodiachiy|https://apps.apple.com/us/app/movies-box-tv-show/id1564334567
Magazines & Newspapers|Top Free|4|The Wall Street Journal.|Dow Jones & Company, Inc., publisher of The Wall Street Journal.|https://apps.apple.com/us/app/the-wall-street-journal/id364387007
Magazines & Newspapers|Top Free|5|CNN: Breaking US & World News|CNN Interactive Group, Inc.|https://apps.apple.com/us/app/cnn-breaking-us-world-news/id331786748
Magazines & Newspapers|Top Free|6|WebComics - Webtoon, Manga|WEBCOMICS HOLDINGS|https://apps.apple.com/us/app/webcomics-webtoon-manga/id1337550955
Magazines & Newspapers|Top Free|7|Galatea: Books & Audiobooks|Inkitt|https://apps.apple.com/us/app/galatea-books-audiobooks/id1380362212
Magazines & Newspapers|Top Free|8|"Straight Arrow News | SAN"|Straight Arrow News, LLC|https://apps.apple.com/us/app/straight-arrow-news-san/id6449258793
Magazines & Newspapers|Top Free|9|The Atlantic Magazine|The Atlantic Monthly Group LLC|https://apps.apple.com/us/app/the-atlantic-magazine/id397599894
Magazines & Newspapers|Top Free|10|WebNovel - Read Novels & Manga|Cloudary Holdings Limited|https://apps.apple.com/us/app/webnovel-read-novels-manga/id1234939196
Magazines & Newspapers|Top Free|11|Washington Post|The Washington Post|https://apps.apple.com/us/app/washington-post/id352509417
Magazines & Newspapers|Top Free|12|Real News - Republican News|Real News Now LLC|https://apps.apple.com/us/app/real-news-republican-news/id1537799857
Magazines & Newspapers|Top Free|13|The Guardian - Live World News|Guardian News and Media Limited|https://apps.apple.com/us/app/the-guardian-live-world-news/id409128287
Magazines & Newspapers|Top Free|14|The Economist - News, Podcasts|The Economist|https://apps.apple.com/us/app/the-economist-news-podcasts/id1239397626
Magazines & Newspapers|Top Free|15|Ice Village: REPO Monster Game|Syeda Areeba Gharsheen|https://apps.apple.com/us/app/ice-village-repo-monster-game/id6740432933
Magazines & Newspapers|Top Free|16|The New Yorker|Advance Magazine Publishers Inc.|https://apps.apple.com/us/app/the-new-yorker/id1081530898
Magazines & Newspapers|Top Free|17|Dipsea: Spicy Romantic Fiction|Dipsea|https://apps.apple.com/us/app/dipsea-spicy-romantic-fiction/id1434242889
Magazines & Newspapers|Top Free|18|My Passion: Novels reading app|HW FANTASY LIMITED|https://apps.apple.com/us/app/my-passion-novels-reading-app/id1568149521
Magazines & Newspapers|Top Free|19|Text To Speech : Audio Books|Vulcan Labs Company Limited|https://apps.apple.com/us/app/text-to-speech-audio-books/id1555176477
Magazines & Newspapers|Top Free|20|Inkitt: Books, Novels, Stories|Free Novels Inc|https://apps.apple.com/us/app/inkitt-books-novels-stories/id1033598731
Developer Tools|Top Free|1|TestFlight|Apple|https://apps.apple.com/us/app/testflight/id899247664
Developer Tools|Top Free|2|GitHub|GitHub|https://apps.apple.com/us/app/github/id1477376905
Developer Tools|Top Free|3|O-KAM Pro|Shenzhen VeePai IoT Intelligent Technology LLC|https://apps.apple.com/us/app/o-kam-pro/id1602054864
Developer Tools|Top Free|4|Replit|Replit|https://apps.apple.com/us/app/replit/id1614022293
Developer Tools|Top Free|5|App Store Connect|Apple|https://apps.apple.com/us/app/app-store-connect/id1234793120
Developer Tools|Top Free|6|PIA S5 Control|MARS BROTHERS LIMITED|https://apps.apple.com/us/app/pia-s5-control/id6657984482
Developer Tools|Top Free|7|Apple Developer|Apple|https://apps.apple.com/us/app/apple-developer/id640199958
Developer Tools|Top Free|8|Python Editor App|Andromeda Corp LTD|https://apps.apple.com/us/app/python-editor-app/id1672453872
Developer Tools|Top Free|9|iSH Shell|Theodore Dubois|https://apps.apple.com/us/app/ish-shell/id1436902243
Developer Tools|Top Free|10|Scriptable|Simon B. StÃ¸vring|https://apps.apple.com/us/app/scriptable/id1405459188
Developer Tools|Top Free|11|Termius - Modern SSH Client|Termius Corporation|https://apps.apple.com/us/app/termius-modern-ssh-client/id549039908
Developer Tools|Top Free|12|Koder Code Editor|Reny Mustika|https://apps.apple.com/us/app/koder-code-editor/id1447489375
Developer Tools|Top Free|13|Python Coding Editor & IDE App|Cloudbit d.o.o.|https://apps.apple.com/us/app/python-coding-editor-ide-app/id6444399635
Developer Tools|Top Free|14|Bluetooth Inspector|George Garside|https://apps.apple.com/us/app/bluetooth-inspector/id1509085044
Developer Tools|Top Free|15|Device MonitorÂ²|Fast-Devs Project|https://apps.apple.com/us/app/device-monitor/id1522870046
Developer Tools|Top Free|16|Desktop Browser â¢ Zoomable|Actowise LLC|https://apps.apple.com/us/app/desktop-browser-zoomable/id1568442831
Developer Tools|Top Free|17|Termix: SSH Client & Terminal|Simon Zvara|https://apps.apple.com/us/app/termix-ssh-client-terminal/id6739386670
Developer Tools|Top Free|18|Runestone Text Editor|Simon B. StÃ¸vring|https://apps.apple.com/us/app/runestone-text-editor/id1548193893
Developer Tools|Top Free|19|Surge 5|Surge Networks Inc.|https://apps.apple.com/us/app/surge-5/id1442620678
Developer Tools|Top Free|20|Juno â Python and Jupyter|Rational Matter|https://apps.apple.com/us/app/juno-python-and-jupyter/id1462586500
Education|Top Paid|1|AnkiMobile Flashcards|Ankitects Pty Ltd|https://apps.apple.com/us/app/ankimobile-flashcards/id373493387
Education|Top Paid|2|SkyViewÂ®|Terminal Eleven LLC|https://apps.apple.com/us/app/skyview/id404990064
Education|Top Paid|3|PDG PROmote 2025+|ForceReadiness.com|https://apps.apple.com/us/app/pdg-promote-2025/id482303584
Education|Top Paid|4|Prepware Aviation Maintenance|ASA|https://apps.apple.com/us/app/prepware-aviation-maintenance/id338893931
Education|Top Paid|5|PROmote - Army Study Guide|ForceReadiness.com|https://apps.apple.com/us/app/promote-army-study-guide/id435352951
Education|Top Paid|6|Stack the StatesÂ®|Freecloud Design, Inc.|https://apps.apple.com/us/app/stack-the-states/id381342267
Education|Top Paid|7|Teach Your Monster to Read|Teach Your Monster|https://apps.apple.com/us/app/teach-your-monster-to-read/id828392046
Education|Top Paid|8|EPA 608 Practice|After Hours Data Systems LLC|https://apps.apple.com/us/app/epa-608-practice/id1422450628
Education|Top Paid|9|iScore5 APHG|iScore5app, LLC|https://apps.apple.com/us/app/iscore5-aphg/id1482339363
Education|Top Paid|10|Wagotabi: Learn Japanese|WAGOTABI LIMITED|https://apps.apple.com/us/app/wagotabi-learn-japanese/id6474207287
Education|Top Paid|11|Lineman's Reference - XFMR LAB|Digital Apprentice LLC|https://apps.apple.com/us/app/linemans-reference-xfmr-lab/id1583878194
Education|Top Paid|12|HamStudy.org|Signal Stuff|https://apps.apple.com/us/app/hamstudy-org/id1371288324
Education|Top Paid|13|Prepware Remote Pilot|ASA|https://apps.apple.com/us/app/prepware-remote-pilot/id1135991142
Education|Top Paid|14|CE5 Contact|Sirius Technology Advanced Research|https://apps.apple.com/us/app/ce5-contact/id1499236474
Education|Top Paid|15|PANTHEON - Official|D'Uva Workshop s.r.l.|https://apps.apple.com/us/app/pantheon-official/id1523025509
Education|Top Paid|16|ATSAPro|Type1Aviation LLC|https://apps.apple.com/us/app/atsapro/id1484384151
Education|Top Paid|17|Private Pilot Test Prep|Sporty's Pilot Shop|https://apps.apple.com/us/app/private-pilot-test-prep/id414141811
Education|Top Paid|18|GraphNCalc83|Ernest Brock|https://apps.apple.com/us/app/graphncalc83/id744882019
Education|Top Paid|19|Jumpmaster PRO Study Guide|ForceReadiness.com|https://apps.apple.com/us/app/jumpmaster-pro-study-guide/id476837843
Education|Top Paid|20|CCM Quiz App|Commission for Case Manager Certification|https://apps.apple.com/us/app/ccm-quiz-app/id1552945142
Kids|Top Free|1|Toca Boca World|Toca Boca AB|https://apps.apple.com/us/app/toca-boca-world/id1208138685
Kids|Top Free|2|YouTube Kids|Google|https://apps.apple.com/us/app/youtube-kids/id936971630
Kids|Top Free|3|Lingokids - Play and Learn|Monkimun Inc|https://apps.apple.com/us/app/lingokids-play-and-learn/id1002043426
Kids|Top Free|4|Chick-fil-A Play|Chick-fil-A, Inc.|https://apps.apple.com/us/app/chick-fil-a-play/id6449374451
Kids|Top Free|5|LEGOÂ® Builder|LEGO|https://apps.apple.com/us/app/lego-builder/id1486159728
Kids|Top Free|6|Bluey: Let's Play!|Budge Studios|https://apps.apple.com/us/app/bluey-lets-play/id1669091583
Kids|Top Free|7|Keiki Learning games for Kids|BENIPOL LIMITED|https://apps.apple.com/us/app/keiki-learning-games-for-kids/id1508098273
Kids|Top Free|8|ABCmouse: Reading & Math Games|Age of Learning, Inc.|https://apps.apple.com/us/app/abcmouse-reading-math-games/id586328581
Kids|Top Free|9|Messenger Kids|Meta Platforms, Inc.|https://apps.apple.com/us/app/messenger-kids/id1285713171
Kids|Top Free|10|Toca Boca Jr|Piknik|https://apps.apple.com/us/app/toca-boca-jr/id943869618
Kids|Top Free|11|Bebi: Baby Games for Preschool|Bebi Family Games|https://apps.apple.com/us/app/bebi-baby-games-for-preschool/id1474248135
Kids|Top Free|12|Coloring Games for Kids 2-6!|IDZ Digital Private Limited|https://apps.apple.com/us/app/coloring-games-for-kids-2-6/id451719402
Kids|Top Free|13|Barbie Dreamhouse Adventures|Budge Studios|https://apps.apple.com/us/app/barbie-dreamhouse-adventures/id1296796112
Kids|Top Free|14|PBS KIDS Games|PBS KIDS|https://apps.apple.com/us/app/pbs-kids-games/id1050773989
Kids|Top Free|15|Seek by iNaturalist|iNaturalist|https://apps.apple.com/us/app/seek-by-inaturalist/id1353224144
Kids|Top Free|16|PBS KIDS Video|PBS KIDS|https://apps.apple.com/us/app/pbs-kids-video/id435138734
Kids|Top Free|17|PAW Patrol Rescue World|Budge Studios|https://apps.apple.com/us/app/paw-patrol-rescue-world/id1551375407
Kids|Top Free|18|Kiddopia - Kids Learning Games|Kiddopia, Inc.|https://apps.apple.com/us/app/kiddopia-kids-learning-games/id1223397201
Kids|Top Free|19|Khan Academy Kids|Khan Academy|https://apps.apple.com/us/app/khan-academy-kids/id1378467217
Kids|Top Free|20|Speech Blubs: Language Therapy|Blub Blub Inc.|https://apps.apple.com/us/app/speech-blubs-language-therapy/id1239522573
Books|Top Paid|1|BookBuddy Pro: Library Manager|Kimico, Ltd.|https://apps.apple.com/us/app/bookbuddy-pro-library-manager/id395149950
Books|Top Paid|2|The Language of Letting Go|BookMobile|https://apps.apple.com/us/app/the-language-of-letting-go/id427039076
Books|Top Paid|3|Twenty-Four Hours a Day|BookMobile|https://apps.apple.com/us/app/twenty-four-hours-a-day/id389029534
Books|Top Paid|4|ShelfPlayer|Rasmus Kramer|https://apps.apple.com/us/app/shelfplayer/id6475221163
Books|Top Paid|5|Bound - Audiobook Player|Deadpan, LLC|https://apps.apple.com/us/app/bound-audiobook-player/id1041727137
Books|Top Paid|6|2025 ì¸ê³ë¬¸í ì¼ë ¥|Minumsa Publishing Group|https://apps.apple.com/us/app/2025-%EC%84%B8%EA%B3%84%EB%AC%B8%ED%95%99-%EC%9D%BC%EB%A0%A5/id6739196693
Books|Top Paid|7|Cepher|Cepher Publishing LLC|https://apps.apple.com/us/app/cepher/id1111754263
Books|Top Paid|8|BookScanner Book Leveler App|If Then Dev, LLC|https://apps.apple.com/us/app/bookscanner-book-leveler-app/id583672052
Books|Top Paid|9|Mirror Study Bible|David Blake|https://apps.apple.com/us/app/mirror-study-bible/id1447612543
Books|Top Paid|10|MotoJitsu|Gregory Widmar|https://apps.apple.com/us/app/motojitsu/id1549608440
Books|Top Paid|11|Don't Let Pigeon Run This App!|Disney|https://apps.apple.com/us/app/dont-let-pigeon-run-this-app/id459749670
Books|Top Paid|12|Lenten Magnificat 2025|Magnificat|https://apps.apple.com/us/app/lenten-magnificat-2025/id6742052275
Books|Top Paid|13|Teach Monster: Reading for Fun|Teach Your Monster|https://apps.apple.com/us/app/teach-monster-reading-for-fun/id1512939054
Books|Top Paid|14|Siddur â Annotated Edition|Chabad.org Jewish Apps|https://apps.apple.com/us/app/siddur-annotated-edition/id731295538
Books|Top Paid|15|Operation:|PlayDate Digital|https://apps.apple.com/us/app/operation/id1470209141
Books|Top Paid|16|LibriVox Audio Books Pro|BookDesign LLC|https://apps.apple.com/us/app/librivox-audio-books-pro/id662558935
Books|Top Paid|17|Dialing God|The Kabbalah Centre International|https://apps.apple.com/us/app/dialing-god/id327389387
Books|Top Paid|18|Geez Amharic Bible|Getahun Ayalew|https://apps.apple.com/us/app/geez-amharic-bible/id1490683855
Books|Top Paid|19|Bluefire Reader|Bluefire Productions|https://apps.apple.com/us/app/bluefire-reader/id394275498
Books|Top Paid|20|NLT Bible|Tecarta, Inc.|https://apps.apple.com/us/app/nlt-bible/id356971775
Business|Top Free|1|Indeed Job Search|Indeed Inc.|https://apps.apple.com/us/app/indeed-job-search/id309735670
Business|Top Free|2|Microsoft Teams|Microsoft Corporation|https://apps.apple.com/us/app/microsoft-teams/id1113153706
Business|Top Free|3|Zoom Workplace|Zoom Communications, Inc.|https://apps.apple.com/us/app/zoom-workplace/id546505307
Business|Top Free|4|LinkedIn: Network & Job Finder|LinkedIn Corporation|https://apps.apple.com/us/app/linkedin-network-job-finder/id288429040
Business|Top Free|5|UKG Pro|UKG INC.|https://apps.apple.com/us/app/ukg-pro/id6445849909
Business|Top Free|6|DoorDash - Dasher|DoorDash, Inc.|https://apps.apple.com/us/app/doordash-dasher/id1451754591
Business|Top Free|7|ADP Mobile Solutions|ADP, Inc|https://apps.apple.com/us/app/adp-mobile-solutions/id444553167
Business|Top Free|8|Adobe Acrobat Reader: Edit PDF|Adobe Inc.|https://apps.apple.com/us/app/adobe-acrobat-reader-edit-pdf/id469337564
Business|Top Free|9|Duo Mobile|Duo Security LLC|https://apps.apple.com/us/app/duo-mobile/id422663827
Business|Top Free|10|Workday|Workday|https://apps.apple.com/us/app/workday/id316800034
Business|Top Free|11|Uber - Driver: Drive & Deliver|Uber Technologies, Inc.|https://apps.apple.com/us/app/uber-driver-drive-deliver/id1131342792
Business|Top Free|12|Okta Verify|Okta, Inc.|https://apps.apple.com/us/app/okta-verify/id490179405
Business|Top Free|13|Amazon Flex|AMZN Mobile LLC|https://apps.apple.com/us/app/amazon-flex/id1454725763
Business|Top Free|14|WhatsApp Business|WhatsApp Inc.|https://apps.apple.com/us/app/whatsapp-business/id1386412985
Business|Top Free|15|Spark Driver|Walmart|https://apps.apple.com/us/app/spark-driver/id1483998235
Business|Top Free|16|FedEx Mobile|FedEx|https://apps.apple.com/us/app/fedex-mobile/id1010729050
Business|Top Free|17|Instacart Shopper: Earn money|Maplebear Inc|https://apps.apple.com/us/app/instacart-shopper-earn-money/id1454056744
Business|Top Free|18|Webex|Cisco|https://apps.apple.com/us/app/webex/id833967564
Business|Top Free|19|Slack|Slack Technologies, Inc.|https://apps.apple.com/us/app/slack/id618783545
Business|Top Free|20|Paylocity|Paylocity|https://apps.apple.com/us/app/paylocity/id652438572
Books|Top Free|1|Audible: Audio Entertainment|Audible, Inc.|https://apps.apple.com/us/app/audible-audio-entertainment/id379693831
Books|Top Free|2|Libby, the library app|OverDrive, Inc.|https://apps.apple.com/us/app/libby-the-library-app/id1076402606
Books|Top Free|3|Amazon Kindle|AMZN Mobile LLC|https://apps.apple.com/us/app/amazon-kindle/id302584613
Books|Top Free|4|hoopla Digital|Midwest Tape, LLC|https://apps.apple.com/us/app/hoopla-digital/id580643740
Books|Top Free|5|Goodreads: Book Reviews|Goodreads|https://apps.apple.com/us/app/goodreads-book-reviews/id355833469
Books|Top Free|6|KJV Bible Now: Read & Study|Rocketshield Browser Technology Limited|https://apps.apple.com/us/app/kjv-bible-now-read-study/id6447543328
Books|Top Free|7|Bible For Women.|PANDAS OF CARIBBEAN LIMITED|https://apps.apple.com/us/app/bible-for-women/id6479348235
Books|Top Free|8|Barnes & Noble|Barnes & Noble|https://apps.apple.com/us/app/barnes-noble/id1477515079
Books|Top Free|9|Wattpad - Read & Write Stories|Wattpad Corp|https://apps.apple.com/us/app/wattpad-read-write-stories/id306310789
Books|Top Free|10|Sincerely - Off My Chest|MWM|https://apps.apple.com/us/app/sincerely-off-my-chest/id6443709181
Books|Top Free|11|Ø§ÙÙØ±Ø¢Ù Ø§ÙÙØ±ÙÙ ÙØ§ÙÙØ§ Ø¯ÙÙ Ø§ÙØªØ±ÙØª|Maher Al Masri|https://apps.apple.com/us/app/%D8%A7%D9%84%D9%82%D8%B1%D8%A2%D9%86-%D8%A7%D9%84%D9%83%D8%B1%D9%8A%D9%85-%D9%83%D8%A7%D9%85%D9%84%D8%A7-%D8%AF%D9%88%D9%86-%D8%A7%D9%86%D8%AA%D8%B1%D9%86%D8%AA/id1164088669
Books|Top Free|12|Fable: Books & TV|Fable|https://apps.apple.com/us/app/fable-books-tv/id1488170618
Books|Top Free|13|Bible for Women & Daily Study|Nataliia Shukalovich|https://apps.apple.com/us/app/bible-for-women-daily-study/id1447879414
Books|Top Free|14|Shonen Jump Manga & Comics|VIZ Media, LLC|https://apps.apple.com/us/app/shonen-jump-manga-comics/id594237344
Books|Top Free|15|Bible Offline - KJV Holy Bible|PANDAS OF CARIBBEAN LIMITED|https://apps.apple.com/us/app/bible-offline-kjv-holy-bible/id1472850697
Books|Top Free|16|BookBuddy: My Library Manager|Kimico, Ltd.|https://apps.apple.com/us/app/bookbuddy-my-library-manager/id395150347
Books|Top Free|17|Manga Reader ã¤|Manga Reader Apps LLC|https://apps.apple.com/us/app/manga-reader-%E3%85%A4/id1579203943
Books|Top Free|18|StoryGraph: Reading Tracker|The StoryGraph|https://apps.apple.com/us/app/storygraph-reading-tracker/id1570489264
Books|Top Free|19|Audiobooks.com: Get audiobooks|Storytel Audiobooks USA LLC|https://apps.apple.com/us/app/audiobooks-com-get-audiobooks/id521227008
Books|Top Free|20|Novelpack|HK IReader Technology Limited|https://apps.apple.com/us/app/novelpack/id6446772457
Business|Top Paid|1|HotSchedules|HotSchedules|https://apps.apple.com/us/app/hotschedules/id294934058
Business|Top Paid|2|TurboScanâ¢ Pro: PDF scanner|Piksoft Inc.|https://apps.apple.com/us/app/turboscan-pro-pdf-scanner/id342548956
Business|Top Paid|3|ecMobile|e-Courier, Inc.|https://apps.apple.com/us/app/ecmobile/id601159497
Business|Top Paid|4|Voice Recorder - Audio Record|LiveBird Technologies Private Limited|https://apps.apple.com/us/app/voice-recorder-audio-record/id936694037
Business|Top Paid|5|ScanBizCards|ScanBiz Mobile Solutions L.P.|https://apps.apple.com/us/app/scanbizcards/id335047649
Business|Top Paid|6|TapeACall Pro: Call Recorder|Easy Tiger Apps, LLC.|https://apps.apple.com/us/app/tapeacall-pro-call-recorder/id577499909
Business|Top Paid|7|Superpowers by SYPartners|SYPartners LLC|https://apps.apple.com/us/app/superpowers-by-sypartners/id1309752471
Business|Top Paid|8|Jump Desktop (RDP, VNC, Fluid)|Phase Five Systems|https://apps.apple.com/us/app/jump-desktop-rdp-vnc-fluid/id364876095
Business|Top Paid|9|VesselFinder Pro|AstraPaging Ltd.|https://apps.apple.com/us/app/vesselfinder-pro/id608985698
Business|Top Paid|10|FAX from iPhone & iPad App|BPMobile|https://apps.apple.com/us/app/fax-from-iphone-ipad-app/id1135811739
Business|Top Paid|11|TRUNO TruView|TRUNO|https://apps.apple.com/us/app/truno-truview/id1538658282
Business|Top Paid|12|Profit Story|VooZu Promotions LLC|https://apps.apple.com/us/app/profit-story/id391312617
Business|Top Paid|13|Fast Scanner - PDF Doc Scan|Hang Nguyen|https://apps.apple.com/us/app/fast-scanner-pdf-doc-scan/id586166344
Business|Top Paid|14|Gamma Calculator Pro|Gerrit kleyn Winkel|https://apps.apple.com/us/app/gamma-calculator-pro/id867478383
Business|Top Paid|15|WinFab - Sheet Metal Ductulator|pasquale dipaola|https://apps.apple.com/us/app/winfab-sheet-metal-ductulator/id1212427529
Business|Top Paid|16|Logo Creatorã|Logo Maker LLC|https://apps.apple.com/us/app/logo-creator/id576443892
Business|Top Paid|17|Activate Your Voice|Elaine Clark|https://apps.apple.com/us/app/activate-your-voice/id703201018
Business|Top Paid|18|Genius Scan Enterprise - PDF|The Grizzly Labs|https://apps.apple.com/us/app/genius-scan-enterprise-pdf/id401818935
Business|Top Paid|19|JotNot Scanner App Pro|MobiTech 3000 LLC|https://apps.apple.com/us/app/jotnot-scanner-app-pro/id307868751
Business|Top Paid|20|Remote Desktop - RDP|MochaSoft|https://apps.apple.com/us/app/remote-desktop-rdp/id288362053
Medical|Top Free|1|MyChart|Epic|https://apps.apple.com/us/app/mychart/id382952264
Medical|Top Free|2|UnitedHealthcare|United HealthCare Services, Inc.|https://apps.apple.com/us/app/unitedhealthcare/id1348316600
Medical|Top Free|3|APPatient|Modernizing Medicine, Inc.|https://apps.apple.com/us/app/appatient/id1036175909
Medical|Top Free|4|healow|eClinicalWorks LLC|https://apps.apple.com/us/app/healow/id595012291
Medical|Top Free|5|GoodRx: Prescription Coupons|GoodRx|https://apps.apple.com/us/app/goodrx-prescription-coupons/id485357017
Medical|Top Free|6|SimplePractice Client Portal|SimplePractice, LLC.|https://apps.apple.com/us/app/simplepractice-client-portal/id1466793305
Medical|Top Free|7|MyQuest for Patients|Quest Diagnostics, Inc.|https://apps.apple.com/us/app/myquest-for-patients/id748920931
Medical|Top Free|8|Sydney Health|Elevance Health, Inc|https://apps.apple.com/us/app/sydney-health/id1463423283
Medical|Top Free|9|athenaPatient|athenahealth|https://apps.apple.com/us/app/athenapatient/id1644169294
Medical|Top Free|10|Telehealth by SimplePractice|SimplePractice, LLC.|https://apps.apple.com/us/app/telehealth-by-simplepractice/id1351373906
Medical|Top Free|11|myAirâ¢ by Resmed|ResMed|https://apps.apple.com/us/app/myair-by-resmed/id1109518523
Medical|Top Free|12|Teladoc Health|Teladoc|https://apps.apple.com/us/app/teladoc-health/id656872607
Medical|Top Free|13|Klara â Patient communication|Klara Technologies Inc.|https://apps.apple.com/us/app/klara-patient-communication/id1082300408
Medical|Top Free|14|FollowMyHealthÂ®|Allscripts Healthcare Solutions Inc|https://apps.apple.com/us/app/followmyhealth/id502147249
Medical|Top Free|15|FreeStyle Libre 3 â US|Abbott Labs|https://apps.apple.com/us/app/freestyle-libre-3-us/id1524572429
Medical|Top Free|16|Dexcom G7|Dexcom|https://apps.apple.com/us/app/dexcom-g7/id1569432518
Medical|Top Free|17|Delta Dental Mobile App|Delta Dental Plans Association|https://apps.apple.com/us/app/delta-dental-mobile-app/id1585628503
Medical|Top Free|18|Zocdoc - Find and book doctors|Zocdoc Inc|https://apps.apple.com/us/app/zocdoc-find-and-book-doctors/id391062219
Medical|Top Free|19|Hims: Telehealth for Men|Hims & Hers|https://apps.apple.com/us/app/hims-telehealth-for-men/id1455690574
Medical|Top Free|20|Huckleberry: Baby & Child|Huckleberry Labs Inc.|https://apps.apple.com/us/app/huckleberry-baby-child/id1169136078
Magazines & Newspapers|Top Paid|1|ããã«ã¼ãº|Justin Xin|https://apps.apple.com/us/app/%E3%83%8F%E3%83%83%E3%82%AB%E3%83%BC%E3%82%BA/id6463075798
Magazines & Newspapers|Top Paid|2|B&W Photography Magazine|Guild of Master Craftsman Publications Ltd|https://apps.apple.com/us/app/b-w-photography-magazine/id428498721
Magazines & Newspapers|Top Paid|3|Woodworking Crafts Magazine|Guild of Master Craftsman Publications Ltd|https://apps.apple.com/us/app/woodworking-crafts-magazine/id429886769
Magazines & Newspapers|Top Paid|4|Outdoor Photography Magazine|Guild of Master Craftsman Publications Ltd|https://apps.apple.com/us/app/outdoor-photography-magazine/id428912452
Magazines & Newspapers|Top Paid|5|Furniture & Cabinetmaking|Guild of Master Craftsman Publications Ltd|https://apps.apple.com/us/app/furniture-cabinetmaking/id437194402
Magazines & Newspapers|Top Paid|6|Woodturning Magazine|Guild of Master Craftsman Publications Ltd|https://apps.apple.com/us/app/woodturning-magazine/id434586971
Magazines & Newspapers|Top Paid|7|Woodcarving Magazine|Guild of Master Craftsman Publications Ltd|https://apps.apple.com/us/app/woodcarving-magazine/id437204539
Magazines & Newspapers|Top Paid|8|Knitting Magazine|Guild of Master Craftsman Publications Ltd|https://apps.apple.com/us/app/knitting-magazine/id428503818
Magazines & Newspapers|Top Paid|9|Prehistoric Times Magazine|Magazinecloner.com US LLC|https://apps.apple.com/us/app/prehistoric-times-magazine/id530088968
Magazines & Newspapers|Top Paid|10|DocScanner - Scan Documents, Receipts, Biz Cards|Abhay Vala|https://apps.apple.com/us/app/docscanner-scan-documents-receipts-biz-cards/id1061473017
Magazines & Newspapers|Top Paid|11|Presidential & US Election Pro|FRIENDSAPP LISTING|https://apps.apple.com/us/app/presidential-us-election-pro/id6737238435
Magazines & Newspapers|Top Paid|12|Oggi Cucino - Digital Edition|RCS MediaGroup S.p.A.|https://apps.apple.com/us/app/oggi-cucino-digital-edition/id380926285
Magazines & Newspapers|Top Paid|13|QuotesBySaints|Artium Nihamkin|https://apps.apple.com/us/app/quotesbysaints/id1605173969
Magazines & Newspapers|Top Paid|14|Khabri Bai - My News Buddy|Umesh Jakhar|https://apps.apple.com/us/app/khabri-bai-my-news-buddy/id1607080654
Magazines & Newspapers|Top Paid|15|Maple Magazine|PressPad Sp. z o.o.|https://apps.apple.com/us/app/maple-magazine/id1065779915
Magazines & Newspapers|Top Paid|16|Navakatha Potha|SIMATO VAS SOLUTIONS (PRIVATE) LIMITED|https://apps.apple.com/us/app/navakatha-potha/id6443873149
Magazines & Newspapers|Top Paid|17|7 Wochen Ohne 2025|Gemeinschaftswerk der Evangelischen Publizistik gGmbH|https://apps.apple.com/us/app/7-wochen-ohne-2025/id6739531009
Magazines & Newspapers|Top Paid|18|Daily Relics|Square Cosmos Press LLC.|https://apps.apple.com/us/app/daily-relics/id6451397295
Magazines & Newspapers|Top Paid|19|iDaily Â· 2020 å¹´åº¦å«å|iDaily Corp.|https://apps.apple.com/us/app/idaily-2020-%E5%B9%B4%E5%BA%A6%E5%88%AB%E5%86%8C/id1543359328
Magazines & Newspapers|Top Paid|20|The Globe & Laurel|The Globe & Laurel Magazine|https://apps.apple.com/us/app/the-globe-laurel/id796959725
Medical|Top Paid|1|Monash FODMAP Diet|Monash University|https://apps.apple.com/us/app/monash-fodmap-diet/id586149216
Medical|Top Paid|2|Hear My Baby Heartbeat Monitor|Fat Cigar Productions Ltd|https://apps.apple.com/us/app/hear-my-baby-heartbeat-monitor/id1111420122
Medical|Top Paid|3|Pedi STAT|James M Kempema MD PA|https://apps.apple.com/us/app/pedi-stat/id327963391
Medical|Top Paid|4|ASCCP Management Guidelines|American Society for Colposcopy and Cervical Pathology Inc|https://apps.apple.com/us/app/asccp-management-guidelines/id1498550832
Medical|Top Paid|5|DairyBar|Jennifer Brandes|https://apps.apple.com/us/app/dairybar/id1439107604
Medical|Top Paid|6|Essential Anatomy 5|3D4Medical from Elsevier|https://apps.apple.com/us/app/essential-anatomy-5/id596684220
Medical|Top Paid|7|Paramedic Protocol Provider|Acid Remap LLC|https://apps.apple.com/us/app/paramedic-protocol-provider/id323130614
Medical|Top Paid|8|Human Anatomy Atlas 2025|Visible Body|https://apps.apple.com/us/app/human-anatomy-atlas-2025/id1117998129
Medical|Top Paid|9|Nject|Keaton Benning, LLC|https://apps.apple.com/us/app/nject/id1620565745
Medical|Top Paid|10|Critical- Medical Guide|The Barringer Group, LLC|https://apps.apple.com/us/app/critical-medical-guide/id504065732
Medical|Top Paid|11|Freya â¢ Surge Timer|The Positive Birth Company Ltd.|https://apps.apple.com/us/app/freya-surge-timer/id1447509164
Medical|Top Paid|12|Pedi QuikCalc 5|Burlington Pediatrics, PA|https://apps.apple.com/us/app/pedi-quikcalc-5/id1539994807
Medical|Top Paid|13|Vargo Anesthesia Mega App|Vargo Anesthesia Inc|https://apps.apple.com/us/app/vargo-anesthesia-mega-app/id791467318
Medical|Top Paid|14|Squeezy|Living With Ltd|https://apps.apple.com/us/app/squeezy/id700740791
Medical|Top Paid|15|EMT Review Plus|Limmer Creative|https://apps.apple.com/us/app/emt-review-plus/id404658834
Medical|Top Paid|16|Instant ECG - Mastery of EKG|iAnesthesia LLC|https://apps.apple.com/us/app/instant-ecg-mastery-of-ekg/id301270080
Medical|Top Paid|17|Radiology Core: Physics Plus|Lieu Duong|https://apps.apple.com/us/app/radiology-core-physics-plus/id1225040758
Medical|Top Paid|18|QuickEM|Dirkes Medical, PLLC|https://apps.apple.com/us/app/quickem/id930734530
Medical|Top Paid|19|Bennet Test Full|Aliaksandr Uvarau|https://apps.apple.com/us/app/bennet-test-full/id961293769
Medical|Top Paid|20|EMT PASS (new)|Limmer Creative|https://apps.apple.com/us/app/emt-pass-new/id1498940102
Reference|Top Free|1|Google Translate|Google|https://apps.apple.com/us/app/google-translate/id414706506
Reference|Top Free|2|Bible Chat: Daily Devotional|Bookvitals APP SRL|https://apps.apple.com/us/app/bible-chat-daily-devotional/id6448849666
Reference|Top Free|3|Bible|Life.Church|https://apps.apple.com/us/app/bible/id282935706
Reference|Top Free|4|CoinIn: Coin Scan Identifier|Vortemol Limited|https://apps.apple.com/us/app/coinin-coin-scan-identifier/id1672111368
Reference|Top Free|5|Hallow: Prayer & Meditation|Hallow, Inc.|https://apps.apple.com/us/app/hallow-prayer-meditation/id1405323394
Reference|Top Free|6|CoinSnap: Coin Identifier|Next Vision Limited|https://apps.apple.com/us/app/coinsnap-coin-identifier/id1634551626
Reference|Top Free|7|Translate Now - AI Translator|Air Apps Systems|https://apps.apple.com/us/app/translate-now-ai-translator/id1348028646
Reference|Top Free|8|Merlin Bird ID by Cornell Lab|Cornell University|https://apps.apple.com/us/app/merlin-bird-id-by-cornell-lab/id773457673
Reference|Top Free|9|Blessedid - Bible Verse Study|Forerunner Technology Limited (HK)|https://apps.apple.com/us/app/blessedid-bible-verse-study/id6503184925
Reference|Top Free|10|5 Calls: Contact Your Congress|5 Calls Civic Action|https://apps.apple.com/us/app/5-calls-contact-your-congress/id1202558609
Reference|Top Free|11|Collectr - TCG Collector App|Collectr|https://apps.apple.com/us/app/collectr-tcg-collector-app/id1603892248
Reference|Top Free|12|Blessed - Daily verse & Prayer|Everblessed Technology Inc.|https://apps.apple.com/us/app/blessed-daily-verse-prayer/id1634567736
Reference|Top Free|13|Night Sky|iCandi Apps Ltd.|https://apps.apple.com/us/app/night-sky/id475772902
Reference|Top Free|14|Sky Guide|Fifth Star Labs LLC|https://apps.apple.com/us/app/sky-guide/id576588894
Reference|Top Free|15|PriceCharting: TCG, Games+|PriceCharting, LLC.|https://apps.apple.com/us/app/pricecharting-tcg-games/id6452190948
Reference|Top Free|16|Ancestry: Family History & DNA|Ancestry.com|https://apps.apple.com/us/app/ancestry-family-history-dna/id349554263
Reference|Top Free|17|Translate Voice: AI Translator|HAPPY TOOLS HK LIMITED|https://apps.apple.com/us/app/translate-voice-ai-translator/id6477325101
Reference|Top Free|18|Deen Buddy - Quran Chat|ZAMZAM TECHNOLOGIES LLC|https://apps.apple.com/us/app/deen-buddy-quran-chat/id6740403566
Reference|Top Free|19|Bible - Daily Bible Verse KJV|Ozion|https://apps.apple.com/us/app/bible-daily-bible-verse-kjv/id1357464684
Reference|Top Free|20|ScanCoin: identify & check|ML & AI Solutions|https://apps.apple.com/us/app/scancoin-identify-check/id6445847779
Shopping|Top Paid|1|Buycott - Barcode Scanner & QR Bar Code Scanner|Buycott Inc.|https://apps.apple.com/us/app/buycott-barcode-scanner-qr-bar-code-scanner/id585933440
Shopping|Top Paid|2|Smart Closet - Your Stylist|Rabbit Tech Inc|https://apps.apple.com/us/app/smart-closet-your-stylist/id1198057728
Shopping|Top Paid|3|Penny Finder|Ringtones LLC|https://apps.apple.com/us/app/penny-finder/id1247306177
Shopping|Top Paid|4|Baby's Heartbeat Backup|My Baby's Heartbeat Bear|https://apps.apple.com/us/app/babys-heartbeat-backup/id1122585593
Shopping|Top Paid|5|QR Reader for iPhone (Premium)|TapMedia Ltd|https://apps.apple.com/us/app/qr-reader-for-iphone-premium/id429671513
Shopping|Top Paid|6|Talking Emoji Pro for Texting|æºæ é»|https://apps.apple.com/us/app/talking-emoji-pro-for-texting/id1216244658
Shopping|Top Paid|7|FSD Hunter|David Hugenberg|https://apps.apple.com/us/app/fsd-hunter/id6737280679
Shopping|Top Paid|8|Posing Pro - Guide for Photographers & Models|TRAN PHUONG|https://apps.apple.com/us/app/posing-pro-guide-for-photographers-models/id1130654757
Shopping|Top Paid|9|Minifigures Tracker|Nicolo Campagnoli|https://apps.apple.com/us/app/minifigures-tracker/id1661136258
Shopping|Top Paid|10|FashWire|The Wires Platforms, Inc.|https://apps.apple.com/us/app/fashwire/id1212940345
Shopping|Top Paid|11|Texture Packs & Creator for Minecraft PC: MCPedia|MAJ Apps and Games LLC|https://apps.apple.com/us/app/texture-packs-creator-for-minecraft-pc-mcpedia/id1039012558
Shopping|Top Paid|12|Boycott Buddy - Shop Ethical|Zachary Jordan|https://apps.apple.com/us/app/boycott-buddy-shop-ethical/id6503020008
Shopping|Top Paid|13|The Christmas List|Erik Eggleston|https://apps.apple.com/us/app/the-christmas-list/id340779800
Shopping|Top Paid|14|Image Resizer Pro - image crop|kitaek kim|https://apps.apple.com/us/app/image-resizer-pro-image-crop/id1112548288
Shopping|Top Paid|15|My Movies 5 Pro - Movie & TV|Binnerup Consult|https://apps.apple.com/us/app/my-movies-5-pro-movie-tv/id6473427404
Shopping|Top Paid|16|Santa's Bag|Clay Pot Software LLC|https://apps.apple.com/us/app/santas-bag/id397698040
Shopping|Top Paid|17|GlossWire|The Wires Platforms, Inc.|https://apps.apple.com/us/app/glosswire/id1548793732
Shopping|Top Paid|18|1Wallet|Marco Tardanico|https://apps.apple.com/us/app/1wallet/id1042431640
Shopping|Top Paid|19|Adult Emojis Icons Pro - Naughty Emoji Faces Stickers Keyboard Emoticons for Texting|ä¸½é¶ é»|https://apps.apple.com/us/app/adult-emojis-icons-pro-naughty-emoji-faces-stickers/id1146997581
Shopping|Top Paid|20|Toyota, Lexus Car Parts|Ruslan Balkarov|https://apps.apple.com/us/app/toyota-lexus-car-parts/id1212475501
Reference|Top Paid|1|e-Sword LT: Bible Study to Go|Rick Meyers|https://apps.apple.com/us/app/e-sword-lt-bible-study-to-go/id634158738
Reference|Top Paid|2|SkySafari|Simulation Curriculum Corp.|https://apps.apple.com/us/app/skysafari/id1257281849
Reference|Top Paid|3|CCW â Concealed Carry 50 State|Workman Consulting LLC|https://apps.apple.com/us/app/ccw-concealed-carry-50-state/id443321291
Reference|Top Paid|4|Knots 3D|Nynix|https://apps.apple.com/us/app/knots-3d/id453571750
Reference|Top Paid|5|1828 Dictionary - Webster's|Apps4World|https://apps.apple.com/us/app/1828-dictionary-websters/id6479616696
Reference|Top Paid|6|FAR/AIM|ASA|https://apps.apple.com/us/app/far-aim/id361784690
Reference|Top Paid|7|Color Wheel|Roman Sevastyanov|https://apps.apple.com/us/app/color-wheel/id1449736609
Reference|Top Paid|8|AFI Explorer|William Walker|https://apps.apple.com/us/app/afi-explorer/id1564964107
Reference|Top Paid|9|SkySafari 7 Pro|Simulation Curriculum Corp.|https://apps.apple.com/us/app/skysafari-7-pro/id1567658979
Reference|Top Paid|10|Merriam-Webster Dictionary+|Merriam-Webster, Inc.|https://apps.apple.com/us/app/merriam-webster-dictionary/id478126577
Reference|Top Paid|11|RhymeZone|Merriam-Webster, Inc.|https://apps.apple.com/us/app/rhymezone/id493493802
Reference|Top Paid|12|Life Application Study Bible|Tecarta, Inc.|https://apps.apple.com/us/app/life-application-study-bible/id1240380955
Reference|Top Paid|13|Fighter Verses: memorize Bible|Truth78|https://apps.apple.com/us/app/fighter-verses-memorize-bible/id411711646
Reference|Top Paid|14|Animated Knots by Grog|Grog LLC|https://apps.apple.com/us/app/animated-knots-by-grog/id376302649
Reference|Top Paid|15|Sibley Birds 2nd Edition|mydigitalearth.com|https://apps.apple.com/us/app/sibley-birds-2nd-edition/id1236011411
Reference|Top Paid|16|Daily Readings|Greek Orthodox Archdiocese of America|https://apps.apple.com/us/app/daily-readings/id516000464
Reference|Top Paid|17|Wise Words for Moms|Shepherd Press Apps|https://apps.apple.com/us/app/wise-words-for-moms/id534302903
Reference|Top Paid|18|Knot IQ|The Bear Essentials Co. LTD|https://apps.apple.com/us/app/knot-iq/id6738783142
Reference|Top Paid|19|A NECÂ® 2017 Quick Reference|Alan Cave|https://apps.apple.com/us/app/a-nec-2017-quick-reference/id1237302023
Reference|Top Paid|20|ACNH Travel Guide|Jeffrey Kuiken|https://apps.apple.com/us/app/acnh-travel-guide/id1502818559
Social Networking|Top Free|1|Threads|Instagram, Inc.|https://apps.apple.com/us/app/threads/id6446901002
Social Networking|Top Free|2|WhatsApp Messenger|WhatsApp Inc.|https://apps.apple.com/us/app/whatsapp-messenger/id310633997
Social Networking|Top Free|3|Telegram Messenger|Telegram FZ-LLC|https://apps.apple.com/us/app/telegram-messenger/id686449807
Social Networking|Top Free|4|Google Meet|Google|https://apps.apple.com/us/app/google-meet/id1096918571
Social Networking|Top Free|5|Discord - Talk, Play, Hang Out|Discord, Inc.|https://apps.apple.com/us/app/discord-talk-play-hang-out/id985746746
Social Networking|Top Free|6|Facebook|Meta Platforms, Inc.|https://apps.apple.com/us/app/facebook/id284882215
Social Networking|Top Free|7|Life360: Find Friends & Family|Life360|https://apps.apple.com/us/app/life360-find-friends-family/id384830320
Social Networking|Top Free|8|GroupMe|Skype Communications S.a.r.l|https://apps.apple.com/us/app/groupme/id392796698
Social Networking|Top Free|9|Messenger|Meta Platforms, Inc.|https://apps.apple.com/us/app/messenger/id454638411
Social Networking|Top Free|10|TextNow: Call + Text Unlimited|TextNow, Inc.|https://apps.apple.com/us/app/textnow-call-text-unlimited/id314716233
Social Networking|Top Free|11|Signal - Private Messenger|Signal Messenger, LLC|https://apps.apple.com/us/app/signal-private-messenger/id874139669
Social Networking|Top Free|12|Locket Widget|Locket Labs, Inc.|https://apps.apple.com/us/app/locket-widget/id1600525061
Social Networking|Top Free|13|OmeTV â Video Chat Alternative|Bad Kitty's Dad|https://apps.apple.com/us/app/ometv-video-chat-alternative/id1252974010
Social Networking|Top Free|14|BAND - App for all groups|NAVER Corp.|https://apps.apple.com/us/app/band-app-for-all-groups/id542613198
Social Networking|Top Free|15|Bluesky Social|Bluesky PBLLC|https://apps.apple.com/us/app/bluesky-social/id6444370199
Social Networking|Top Free|16|Text Free: Second Call Number|Pinger, Inc.|https://apps.apple.com/us/app/text-free-second-call-number/id399355755
Social Networking|Top Free|17|Flip: Watch, Create, Shop|Humans Inc.|https://apps.apple.com/us/app/flip-watch-create-shop/id1470077137
Social Networking|Top Free|18|Text Me - Phone Call + Texting|TextMe, Inc.|https://apps.apple.com/us/app/text-me-phone-call-texting/id514485964
Social Networking|Top Free|19|Litstick - Best Stickers App|Sociaaal LLC|https://apps.apple.com/us/app/litstick-best-stickers-app/id1472619338
Social Networking|Top Free|20|Wizz App - chat now|VLB|https://apps.apple.com/us/app/wizz-app-chat-now/id1452906710
Shopping|Top Free|1|Temu: Shop Like a Billionaire|Temu|https://apps.apple.com/us/app/temu-shop-like-a-billionaire/id1641486558
Shopping|Top Free|2|Capital One Shopping: Save Now|Wikibuy, LLC|https://apps.apple.com/us/app/capital-one-shopping-save-now/id1089294040
Shopping|Top Free|3|SHEIN - Shopping Online|ROADGET BUSINESS PTE. LTD.|https://apps.apple.com/us/app/shein-shopping-online/id878577184
Shopping|Top Free|4|Shop: All your favorite brands|Shopify Inc.|https://apps.apple.com/us/app/shop-all-your-favorite-brands/id1223471316
Shopping|Top Free|5|Whatnot: Shop, Sell, Connect|Whatnot Inc.|https://apps.apple.com/us/app/whatnot-shop-sell-connect/id1488269261
Shopping|Top Free|6|Walmart: Shopping & Savings|Walmart|https://apps.apple.com/us/app/walmart-shopping-savings/id338137227
Shopping|Top Free|7|Amazon Shopping|AMZN Mobile LLC|https://apps.apple.com/us/app/amazon-shopping/id297606951
Shopping|Top Free|8|AliExpress - Shopping App|Alibaba|https://apps.apple.com/us/app/aliexpress-shopping-app/id436672029
Shopping|Top Free|9|Costco|Costco Wholesale Corporation|https://apps.apple.com/us/app/costco/id535509415
Shopping|Top Free|10|eBay online shopping & selling|eBay Inc.|https://apps.apple.com/us/app/ebay-online-shopping-selling/id282614216
Shopping|Top Free|11|CVS Health|CVS Pharmacy|https://apps.apple.com/us/app/cvs-health/id395545555
Shopping|Top Free|12|Etsy: Shop & Gift with Style|Etsy, Inc.|https://apps.apple.com/us/app/etsy-shop-gift-with-style/id477128284
Shopping|Top Free|13|Sam's Club: Pickup & Delivery|Samâs Club|https://apps.apple.com/us/app/sams-club-pickup-delivery/id382497397
Shopping|Top Free|14|Affirm: Buy now, pay over time|Affirm, Inc.|https://apps.apple.com/us/app/affirm-buy-now-pay-over-time/id967040652
Shopping|Top Free|15|"Depop | Buy & Sell Clothing"|Depop Ltd|https://apps.apple.com/us/app/depop-buy-sell-clothing/id518684914
Shopping|Top Free|16|Target|Target|https://apps.apple.com/us/app/target/id297430070
Shopping|Top Free|17|Nike: Shoes, Apparel, Stories|Nike, Inc|https://apps.apple.com/us/app/nike-shoes-apparel-stories/id1095459556
Shopping|Top Free|18|lululemon|lululemon athletica canada inc.|https://apps.apple.com/us/app/lululemon/id920098546
Shopping|Top Free|19|The Home Depot|The Home Depot, Inc.|https://apps.apple.com/us/app/the-home-depot/id342527639
Shopping|Top Free|20|Afterpay - Buy Now, Pay Later|Afterpay|https://apps.apple.com/us/app/afterpay-buy-now-pay-later/id1401019110
Sports|Top Free|1|CBS Sports App: Scores & News|CBS Interactive|https://apps.apple.com/us/app/cbs-sports-app-scores-news/id307184892
Sports|Top Free|2|ESPN Tournament Challenge|Disney|https://apps.apple.com/us/app/espn-tournament-challenge/id359891723
Sports|Top Free|3|NCAA March Madness Live|NCAA Digital|https://apps.apple.com/us/app/ncaa-march-madness-live/id423246594
Sports|Top Free|4|Apple Sports|Apple|https://apps.apple.com/us/app/apple-sports/id6446788829
Sports|Top Free|5|GameChanger|GameChanger Media, Inc.|https://apps.apple.com/us/app/gamechanger/id1308415878
Sports|Top Free|6|ESPN: Live Sports & Scores|Disney|https://apps.apple.com/us/app/espn-live-sports-scores/id317469184
Sports|Top Free|7|"Splash Sports | Survivor & DFS"|BetterPool, LLC (dba Splash)|https://apps.apple.com/us/app/splash-sports-survivor-dfs/id6451190245
Sports|Top Free|8|ESPN Fantasy Sports & More|Disney|https://apps.apple.com/us/app/espn-fantasy-sports-more/id555376968
Sports|Top Free|9|bet365 - Sportsbook & Casino|Hillside Technology Limited|https://apps.apple.com/us/app/bet365-sportsbook-casino/id1465717844
Sports|Top Free|10|PrizePicks - Fantasy Sports|SidePrize, LLC|https://apps.apple.com/us/app/prizepicks-fantasy-sports/id1437843273
Sports|Top Free|11|Sleeper - Fantasy Sports|Blitz Studios|https://apps.apple.com/us/app/sleeper-fantasy-sports/id987367543
Sports|Top Free|12|FanDuel Sportsbook & Casino|FanDuel, Inc.|https://apps.apple.com/us/app/fanduel-sportsbook-casino/id1413721906
Sports|Top Free|13|MLB Ballpark|MLB|https://apps.apple.com/us/app/mlb-ballpark/id513135722
Sports|Top Free|14|sportsYou|sportsYou|https://apps.apple.com/us/app/sportsyou/id1186906455
Sports|Top Free|15|DraftKings Sportsbook & Casino|DraftKings|https://apps.apple.com/us/app/draftkings-sportsbook-casino/id1375031369
Sports|Top Free|16|Fliff - Social Sports Picks|Fliff Inc.|https://apps.apple.com/us/app/fliff-social-sports-picks/id1489145500
Sports|Top Free|17|Underdog Fantasy Sports|Underdog Sports, Inc.|https://apps.apple.com/us/app/underdog-fantasy-sports/id1514665962
Sports|Top Free|18|ESPN BET Sportsbook|Score Media and Gaming Inc.|https://apps.apple.com/us/app/espn-bet-sportsbook/id6463805689
Sports|Top Free|19|Yahoo Fantasy Football, Sports|Yahoo|https://apps.apple.com/us/app/yahoo-fantasy-football-sports/id328415391
Sports|Top Free|20|TeamSnap|TeamSnap, Inc.|https://apps.apple.com/us/app/teamsnap/id393048976
Social Networking|Top Paid|1|TeleGuard|Swisscows AG|https://apps.apple.com/us/app/teleguard/id1505636751
Social Networking|Top Paid|2|Threema. The Secure Messenger|Threema GmbH|https://apps.apple.com/us/app/threema-the-secure-messenger/id578665578
Social Networking|Top Paid|3|imo video calls and chat HD|Baby Penguin|https://apps.apple.com/us/app/imo-video-calls-and-chat-hd/id1400579543
Social Networking|Top Paid|4|Free Tone - Calling & Texting|TextMe, Inc.|https://apps.apple.com/us/app/free-tone-calling-texting/id338088432
Social Networking|Top Paid|5|Badoo Premium|Badoo Software Ltd|https://apps.apple.com/us/app/badoo-premium/id403684733
Social Networking|Top Paid|6|SocialFocus: Hide Distractions|Yevhen Tretiakov|https://apps.apple.com/us/app/socialfocus-hide-distractions/id1661093205
Social Networking|Top Paid|7|Instagram Feed|Hemal Modi|https://apps.apple.com/us/app/instagram-feed/id1561481612
Social Networking|Top Paid|8|WristChat for Facebook|Muhammad Siddiqui|https://apps.apple.com/us/app/wristchat-for-facebook/id1449383466
Social Networking|Top Paid|9|Tik Watch|BEST SOCIAL APPS DEVELOPMENT LTD|https://apps.apple.com/us/app/tik-watch/id1557908115
Social Networking|Top Paid|10|Friendly Plus Social Browser|Friendly, Inc.|https://apps.apple.com/us/app/friendly-plus-social-browser/id382011064
Social Networking|Top Paid|11|TeamSpeak 3|TeamSpeak Systems Inc|https://apps.apple.com/us/app/teamspeak-3/id577628510
Social Networking|Top Paid|12|Fongo World Edition|Fongo Inc.|https://apps.apple.com/us/app/fongo-world-edition/id860809977
Social Networking|Top Paid|13|World of WIT|Vogelbusch & Co|https://apps.apple.com/us/app/world-of-wit/id748363889
Social Networking|Top Paid|14|WeTalk Pro- WiFi Calling Phone|WePhone Apps Inc|https://apps.apple.com/us/app/wetalk-pro-wifi-calling-phone/id463371412
Social Networking|Top Paid|15|Chroncord|Tyler Smith|https://apps.apple.com/us/app/chroncord/id6475702873
Social Networking|Top Paid|16|Wrist for GroupMe|Sana Siddiqui|https://apps.apple.com/us/app/wrist-for-groupme/id1444534358
Social Networking|Top Paid|17|iFake - Funny Fake Messages Creator|Tien Nguyen|https://apps.apple.com/us/app/ifake-funny-fake-messages-creator/id1255141711
Social Networking|Top Paid|18|Friends - Live Video Chat|Renaissance Apps LLC|https://apps.apple.com/us/app/friends-live-video-chat/id1553212779
Social Networking|Top Paid|19|California Roping|CaliforniaRoping LLC|https://apps.apple.com/us/app/california-roping/id6587565437
Social Networking|Top Paid|20|Laserhouse: Crypto Laser Eyes|Tae ho Lee|https://apps.apple.com/us/app/laserhouse-crypto-laser-eyes/id1555694952
Sports|Top Paid|1|Fantasy Baseball Draft Kit '25|Roto Sports, Inc.|https://apps.apple.com/us/app/fantasy-baseball-draft-kit-25/id6737812856
Sports|Top Paid|2|JB4 Mobile|Dmac Mobile Developments, LLC|https://apps.apple.com/us/app/jb4-mobile/id794841332
Sports|Top Paid|3|J23 - Release Dates & Restocks|Plan23, LLC|https://apps.apple.com/us/app/j23-release-dates-restocks/id497880658
Sports|Top Paid|4|Next Batter Up: Walk-Up Music|Joshua Hart|https://apps.apple.com/us/app/next-batter-up-walk-up-music/id1524179572
Sports|Top Paid|5|Shot Tracer|Visual Vertigo Software Technologies GmbH|https://apps.apple.com/us/app/shot-tracer/id1140451547
Sports|Top Paid|6|The Golf Tracer|Swing by Swing Golf, Inc.|https://apps.apple.com/us/app/the-golf-tracer/id1330717186
Sports|Top Paid|7|Tour Tempo Total Game|Tour Tempo|https://apps.apple.com/us/app/tour-tempo-total-game/id329937776
Sports|Top Paid|8|Ballistic X|Nomad Innovations, LLC|https://apps.apple.com/us/app/ballistic-x/id1441335342
Sports|Top Paid|9|PractiScore Competitor|Eugene Kuleshov|https://apps.apple.com/us/app/practiscore-competitor/id1191380081
Sports|Top Paid|10|QZ - qdomyos-zwift|Roberto Viola|https://apps.apple.com/us/app/qz-qdomyos-zwift/id1543684531
Sports|Top Paid|11|Bikee|Sammy Azdoufal|https://apps.apple.com/us/app/bikee/id6736371607
Sports|Top Paid|12|Shooter (Ballistic Calculator)|Kennedy Development Group, LLC|https://apps.apple.com/us/app/shooter-ballistic-calculator/id478462401
Sports|Top Paid|13|SprintTimer - Photo Finish|Sten Kaiser|https://apps.apple.com/us/app/sprinttimer-photo-finish/id430807521
Sports|Top Paid|14|PinPal|Jeff Stuart|https://apps.apple.com/us/app/pinpal/id321817464
Sports|Top Paid|15|Turkey Tech|GOT GAME TECHNOLOGIES, LLC|https://apps.apple.com/us/app/turkey-tech/id1294504600
Sports|Top Paid|16|DashCommand - OBD-II Gauges|Auto Meter Products, Inc.|https://apps.apple.com/us/app/dashcommand-obd-ii-gauges/id321293183
Sports|Top Paid|17|FaceOffAcademy|Aptis Group Inc.|https://apps.apple.com/us/app/faceoffacademy/id1121456537
Sports|Top Paid|18|Like My Drill|PLAYMATE Tennis|https://apps.apple.com/us/app/like-my-drill/id499648757
Sports|Top Paid|19|LAX Time & Score|Shawn Lavin|https://apps.apple.com/us/app/lax-time-score/id360366633
Sports|Top Paid|20|Archer's Mark|ULTRAVIEW Archery, Inc.|https://apps.apple.com/us/app/archers-mark/id333265578
